CellName,Latitude,Longitude,Azimuth,RRC_Att,RRC_Succ,Timing_Advance,tilt
CELL1,38.130399,-77.513747,0,27,26,0.31,60
CELL2,38.130399,-77.513747,120,34,33,0.31,60
CELL3,38.130399,-77.513747,240,29,28,0.31,60
CELL4,38.194806,-77.501444,0,15,11,4.61,60
CELL5,38.194806,-77.501444,120,19,14,4.61,60
CELL6,38.194806,-77.501444,240,16,12,4.61,60
CELL7,38.234058,-77.548414,0,1,0,0.54,10
CELL8,38.234058,-77.548414,120,1,0,0.54,10
CELL9,38.234058,-77.548414,240,1,0,0.54,10
CELL10,38.258611,-77.501667,0,7,6,0.2,40
CELL11,38.258611,-77.501667,120,9,8,0.2,40
CELL12,38.258611,-77.501667,240,8,7,0.2,40
CELL13,38.275117,-77.517028,0,5,4,0.19,60
CELL14,38.275117,-77.517028,120,6,5,0.19,60
CELL15,38.275117,-77.517028,240,5,4,0.19,60
CELL16,38.305356,-77.507769,0,15,11,3.78,100
CELL17,38.305356,-77.507769,120,19,14,3.78,100
CELL18,38.305356,-77.507769,240,16,12,3.78,100
CELL19,38.354547,-77.512797,0,4,3,3.93,60
CELL20,38.354547,-77.512797,120,5,4,3.93,60
CELL21,38.354547,-77.512797,240,4,3,3.93,60
CELL22,38.407208,-77.574263,0,2,1,15.14,50
CELL23,38.407208,-77.574263,120,3,1,15.14,50
CELL24,38.407208,-77.574263,240,2,1,15.14,50
CELL25,38.510431,-77.002058,0,6842,5952,0.45,90
CELL26,38.510431,-77.002058,120,8553,7440,0.45,90
CELL27,38.510431,-77.002058,240,7441,6473,0.45,90
CELL28,38.527054,-76.734276,0,6001,5040,17.94,20
CELL29,38.527054,-76.734276,120,7501,6300,17.94,20
CELL30,38.527054,-76.734276,240,6526,5481,17.94,20
CELL31,38.5359,-76.788011,0,2814,2532,0.84,90
CELL32,38.5359,-76.788011,120,3518,3165,0.84,90
CELL33,38.5359,-76.788011,240,3060,2754,0.84,90
CELL34,38.55655,-76.838452,0,470,441,0.78,70
CELL35,38.55655,-76.838452,120,588,551,0.78,70
CELL36,38.55655,-76.838452,240,511,480,0.78,70
CELL37,38.578306,-77.109103,0,3906,3398,0.85,40
CELL38,38.578306,-77.109103,120,4883,4248,0.85,40
CELL39,38.578306,-77.109103,240,4248,3695,0.85,40
CELL40,38.599218,-77.020043,0,2308,1754,6.35,50
CELL41,38.599218,-77.020043,120,2885,2193,6.35,50
CELL42,38.599218,-77.020043,240,2510,1907,6.35,50
CELL43,38.6035,-77.34228,0,11568,9717,5.59,70
CELL44,38.6035,-77.34228,120,14460,12146,5.59,70
CELL45,38.6035,-77.34228,240,12580,10567,5.59,70
CELL46,38.62022,-77.290045,0,17866,16794,0.31,60
CELL47,38.62022,-77.290045,120,22333,20993,0.31,60
CELL48,38.62022,-77.290045,240,19429,18263,0.31,60
CELL49,38.635956,-77.3583,0,6986,6287,0.18,80
CELL50,38.635956,-77.3583,120,8733,7859,0.18,80
CELL51,38.635956,-77.3583,240,7597,6837,0.18,80
CELL52,38.66736,-77.40109,0,2463,2413,0.37,20
CELL53,38.66736,-77.40109,120,3079,3016,0.37,20
CELL54,38.66736,-77.40109,240,2679,2624,0.37,20
CELL55,38.668889,-77.009201,0,6882,5712,6.35,100
CELL56,38.668889,-77.009201,120,8603,7140,6.35,100
CELL57,38.668889,-77.009201,240,7484,6212,6.35,100
CELL58,38.670905,-77.334358,0,3415,3312,0.28,30
CELL59,38.670905,-77.334358,120,4269,4140,0.28,30
CELL60,38.670905,-77.334358,240,3714,3602,0.28,30
CELL61,38.678222,-76.938083,0,844,742,0.7,90
CELL62,38.678222,-76.938083,120,1055,928,0.7,90
CELL63,38.678222,-76.938083,240,918,807,0.7,90
CELL64,38.680161,-77.303127,0,7703,7625,0.22,100
CELL65,38.680161,-77.303127,120,9629,9531,0.22,100
CELL66,38.680161,-77.303127,240,8377,8292,0.22,100
CELL67,38.680725,-77.354114,0,5915,4495,3.55,30
CELL68,38.680725,-77.354114,120,7394,5619,3.55,30
CELL69,38.680725,-77.354114,240,6433,4888,3.55,30
CELL70,38.68305,-77.2364,0,20352,18520,0.25,30
CELL71,38.68305,-77.2364,120,25440,23150,0.25,30
CELL72,38.68305,-77.2364,240,22133,20141,0.25,30
CELL73,38.6857,-77.3161,0,5339,4324,4.35,10
CELL74,38.6857,-77.3161,120,6674,5405,4.35,10
CELL75,38.6857,-77.3161,240,5806,4702,4.35,10
CELL76,38.709794,-77.157203,0,2201,1716,9,90
CELL77,38.709794,-77.157203,120,2751,2145,9,90
CELL78,38.709794,-77.157203,240,2394,1866,9,90
CELL79,38.7129,-77.460564,0,8800,7568,5.15,10
CELL80,38.7129,-77.460564,120,11000,9460,5.15,10
CELL81,38.7129,-77.460564,240,9570,8230,5.15,10
CELL82,38.714214,-76.988233,0,7492,6368,3.11,40
CELL83,38.714214,-76.988233,120,9365,7960,3.11,40
CELL84,38.714214,-76.988233,240,8148,6925,3.11,40
CELL85,38.732888,-77.418083,0,3664,2821,7.16,20
CELL86,38.732888,-77.418083,120,4580,3526,7.16,20
CELL87,38.732888,-77.418083,240,3985,3068,7.16,20
CELL88,38.740778,-76.817544,0,4338,3947,0.56,100
CELL89,38.740778,-76.817544,120,5423,4934,0.56,100
CELL90,38.740778,-76.817544,240,4718,4292,0.56,100
CELL91,38.743481,-77.243675,0,2275,2206,0.25,70
CELL92,38.743481,-77.243675,120,2844,2758,0.25,70
CELL93,38.743481,-77.243675,240,2474,2399,0.25,70
CELL94,38.743701,-76.994801,0,9209,8472,0.16,70
CELL95,38.743701,-76.994801,120,11511,10590,0.16,70
CELL96,38.743701,-76.994801,240,10015,9213,0.16,70
CELL97,38.745394,-77.529914,0,5925,4917,5.99,50
CELL98,38.745394,-77.529914,120,7406,6146,5.99,50
CELL99,38.745394,-77.529914,240,6443,5347,5.99,50
CELL100,38.751408,-76.97768,0,5807,5690,0.2,40
CELL101,38.751408,-76.97768,120,7259,7113,0.2,40
CELL102,38.751408,-76.97768,240,6315,6188,0.2,40
CELL103,38.756222,-76.764101,0,4748,4083,6.78,60
CELL104,38.756222,-76.764101,120,5935,5104,6.78,60
CELL105,38.756222,-76.764101,240,5163,4440,6.78,60
CELL106,38.759458,-77.622499,0,302,268,0.47,80
CELL107,38.759458,-77.622499,120,378,335,0.47,80
CELL108,38.759458,-77.622499,240,328,291,0.47,80
CELL109,38.761883,-77.0793,0,34785,27480,6.18,40
CELL110,38.761883,-77.0793,120,43481,34350,6.18,40
CELL111,38.761883,-77.0793,240,37829,29885,6.18,40
CELL112,38.767578,-77.479139,0,17168,16996,0.2,40
CELL113,38.767578,-77.479139,120,21460,21245,0.2,40
CELL114,38.767578,-77.479139,240,18670,18483,0.2,40
CELL115,38.769519,-77.443489,0,95564,85051,0.35,40
CELL116,38.769519,-77.443489,120,119455,106314,0.35,40
CELL117,38.769519,-77.443489,240,103926,92493,0.35,40
CELL118,38.774241,-77.263108,0,5740,4936,6.87,50
CELL119,38.774241,-77.263108,120,7175,6170,6.87,50
CELL120,38.774241,-77.263108,240,6242,5368,6.87,50
CELL121,38.776569,-77.467455,0,46298,42131,0.2,10
CELL122,38.776569,-77.467455,120,57873,52664,0.2,10
CELL123,38.776569,-77.467455,240,50349,45817,0.2,10
CELL124,38.779417,-77.202111,0,2424,1939,4.1,10
CELL125,38.779417,-77.202111,120,3030,2424,4.1,10
CELL126,38.779417,-77.202111,240,2636,2109,4.1,10
CELL127,38.779799,-77.398733,0,65,52,4.96,10
CELL128,38.779799,-77.398733,120,81,65,4.96,10
CELL129,38.779799,-77.398733,240,71,57,4.96,10
CELL130,38.780194,-77.13485,0,6784,6444,0.15,90
CELL131,38.780194,-77.13485,120,8480,8055,0.15,90
CELL132,38.780194,-77.13485,240,7378,7008,0.15,90
CELL133,38.784801,-77.514101,0,135978,119660,0.3,0
CELL134,38.784801,-77.514101,120,169973,149575,0.3,0
CELL135,38.784801,-77.514101,240,147876,130130,0.3,0
CELL136,38.795,-77.595181,0,874,655,9.46,30
CELL137,38.795,-77.595181,120,1093,819,9.46,30
CELL138,38.795,-77.595181,240,950,712,9.46,30
CELL139,38.795646,-77.179248,0,56520,46346,3.92,90
CELL140,38.795646,-77.179248,120,70650,57933,3.92,90
CELL141,38.795646,-77.179248,240,61466,50401,3.92,90
CELL142,38.805436,-76.907736,0,23614,21016,0.41,60
CELL143,38.805436,-76.907736,120,29518,26270,0.41,60
CELL144,38.805436,-76.907736,240,25680,22855,0.41,60
CELL145,38.805874,-76.978026,0,109322,99483,0.2,70
CELL146,38.805874,-76.978026,120,136653,124354,0.2,70
CELL147,38.805874,-76.978026,240,118888,108188,0.2,70
CELL148,38.806092,-77.218975,0,18391,16184,0.3,80
CELL149,38.806092,-77.218975,120,22989,20230,0.3,80
CELL150,38.806092,-77.218975,240,20000,17600,0.3,80
CELL151,38.807801,-77.141305,0,22516,19363,2.97,30
CELL152,38.807801,-77.141305,120,28145,24204,2.97,30
CELL153,38.807801,-77.141305,240,24486,21057,2.97,30
CELL154,38.809061,-76.605778,0,3668,2971,12.87,20
CELL155,38.809061,-76.605778,120,4585,3714,12.87,20
CELL156,38.809061,-76.605778,240,3989,3231,12.87,20
CELL157,38.818583,-76.778556,0,5257,5099,0.19,80
CELL158,38.818583,-76.778556,120,6571,6374,0.19,80
CELL159,38.818583,-76.778556,240,5717,5545,0.19,80
CELL160,38.820925,-77.168931,0,19860,18867,0.2,10
CELL161,38.820925,-77.168931,120,24825,23584,0.2,10
CELL162,38.820925,-77.168931,240,21598,20518,0.2,10
CELL163,38.824244,-77.410022,0,5009,3957,4.96,40
CELL164,38.824244,-77.410022,120,6261,4946,4.96,40
CELL165,38.824244,-77.410022,240,5447,4303,4.96,40
CELL166,38.827677,-77.090551,0,10707,9850,0.28,40
CELL167,38.827677,-77.090551,120,13384,12313,0.28,40
CELL168,38.827677,-77.090551,240,11644,10712,0.28,40
CELL169,38.833664,-77.199563,0,12868,9908,3.96,10
CELL170,38.833664,-77.199563,120,16085,12385,3.96,10
CELL171,38.833664,-77.199563,240,13994,10775,3.96,10
CELL172,38.834101,-77.062401,0,12138,9103,3.48,0
CELL173,38.834101,-77.062401,120,15173,11379,3.48,0
CELL174,38.834101,-77.062401,240,13200,9900,3.48,0
CELL175,38.836028,-76.994117,0,51852,49777,0.09,30
CELL176,38.836028,-76.994117,120,64815,62221,0.09,30
CELL177,38.836028,-76.994117,240,56389,54132,0.09,30
CELL178,38.837012,-77.051989,0,4575,4392,0.17,0
CELL179,38.837012,-77.051989,120,5719,5490,0.17,0
CELL180,38.837012,-77.051989,240,4975,4776,0.17,0
CELL181,38.849017,-76.769342,0,4824,4486,0.19,90
CELL182,38.849017,-76.769342,120,6030,5608,0.19,90
CELL183,38.849017,-76.769342,240,5246,4879,0.19,90
CELL184,38.849152,-76.861444,0,7662,7585,0.26,80
CELL185,38.849152,-76.861444,120,9578,9481,0.26,80
CELL186,38.849152,-76.861444,240,8332,8249,0.26,80
CELL187,38.849927,-76.724955,0,1208,1159,0.35,40
CELL188,38.849927,-76.724955,120,1510,1449,0.35,40
CELL189,38.849927,-76.724955,240,1314,1260,0.35,40
CELL190,38.851503,-77.370647,0,6857,5828,10.04,40
CELL191,38.851503,-77.370647,120,8571,7285,10.04,40
CELL192,38.851503,-77.370647,240,7457,6338,10.04,40
CELL193,38.856845,-76.991991,0,35903,29081,1.72,10
CELL194,38.856845,-76.991991,120,44879,36351,1.72,10
CELL195,38.856845,-76.991991,240,39045,31626,1.72,10
CELL196,38.862069,-77.286847,0,4199,3779,0.16,60
CELL197,38.862069,-77.286847,120,5249,4724,0.16,60
CELL198,38.862069,-77.286847,240,4566,4110,0.16,60
CELL199,38.862389,-76.844889,0,4077,3261,5.61,80
CELL200,38.862389,-76.844889,120,5096,4076,5.61,80
CELL201,38.862389,-76.844889,240,4434,3546,5.61,80
CELL202,38.864727,-77.076005,0,12862,11447,0.13,10
CELL203,38.864727,-77.076005,120,16078,14309,0.13,10
CELL204,38.864727,-77.076005,240,13987,12449,0.13,10
CELL205,38.874289,-77.148468,0,94440,71774,4.69,10
CELL206,38.874289,-77.148468,120,118050,89718,4.69,10
CELL207,38.874289,-77.148468,240,102704,78054,4.69,10
CELL208,38.877067,-77.003906,0,26166,21194,2.17,0
CELL209,38.877067,-77.003906,120,32708,26493,2.17,0
CELL210,38.877067,-77.003906,240,28456,23048,2.17,0
CELL211,38.882337,-76.964483,0,29349,23479,4.91,70
CELL212,38.882337,-76.964483,120,36686,29349,4.91,70
CELL213,38.882337,-76.964483,240,31917,25533,4.91,70
CELL214,38.883467,-76.826572,0,26359,19769,6.32,100
CELL215,38.883467,-76.826572,120,32949,24711,6.32,100
CELL216,38.883467,-76.826572,240,28665,21499,6.32,100
CELL217,38.883667,-77.442644,0,17988,14210,8.28,10
CELL218,38.883667,-77.442644,120,22485,17763,8.28,10
CELL219,38.883667,-77.442644,240,19562,15453,8.28,10
CELL220,38.885694,-76.997701,0,7086,6448,0.08,30
CELL221,38.885694,-76.997701,120,8858,8060,0.08,30
CELL222,38.885694,-76.997701,240,7706,7012,0.08,30
CELL223,38.887097,-77.200511,0,28074,22459,3.96,100
CELL224,38.887097,-77.200511,120,35093,28074,3.96,100
CELL225,38.887097,-77.200511,240,30530,24424,3.96,100
CELL226,38.887561,-77.239875,0,9902,8812,0.2,10
CELL227,38.887561,-77.239875,120,12378,11015,0.2,10
CELL228,38.887561,-77.239875,240,10768,9583,0.2,10
CELL229,38.890054,-77.081348,0,9582,8623,0.13,10
CELL230,38.890054,-77.081348,120,11978,10779,0.13,10
CELL231,38.890054,-77.081348,240,10420,9378,0.13,10
CELL232,38.890243,-76.980411,0,3110,2425,1.3,50
CELL233,38.890243,-76.980411,120,3888,3031,1.3,50
CELL234,38.890243,-76.980411,240,3382,2637,1.3,50
CELL235,38.890672,-76.873956,0,7040,6969,0.26,40
CELL236,38.890672,-76.873956,120,8800,8711,0.26,40
CELL237,38.890672,-76.873956,240,7656,7579,0.26,40
CELL238,38.895683,-77.099561,0,959,834,4.8,50
CELL239,38.895683,-77.099561,120,1199,1043,4.8,50
CELL240,38.895683,-77.099561,240,1043,907,4.8,50
CELL241,38.895805,-77.135146,0,8409,7736,0,80
CELL242,38.895805,-77.135146,120,10511,9670,0,80
CELL243,38.895805,-77.135146,240,9145,8413,0,80
CELL244,38.895913,-77.135242,0,2140,1690,0.03,100
CELL245,38.895913,-77.135242,120,2675,2113,0.03,100
CELL246,38.895913,-77.135242,240,2327,1838,0.03,100
CELL247,38.896335,-77.281075,0,9201,7268,3.17,60
CELL248,38.896335,-77.281075,120,11501,9085,3.17,60
CELL249,38.896335,-77.281075,240,10006,7904,3.17,60
CELL250,38.898825,-77.113922,0,1610,1207,4.8,70
CELL251,38.898825,-77.113922,120,2013,1509,4.8,70
CELL252,38.898825,-77.113922,240,1751,1313,4.8,70
CELL253,38.899239,-76.993735,0,7406,6961,0.08,20
CELL254,38.899239,-76.993735,120,9258,8701,0.08,20
CELL255,38.899239,-76.993735,240,8054,7570,0.08,20
CELL256,38.900614,-76.983533,0,36423,29502,1.3,40
CELL257,38.900614,-76.983533,120,45529,36878,1.3,40
CELL258,38.900614,-76.983533,240,39610,32083,1.3,40
CELL259,38.903442,-77.053611,0,8527,8015,0.11,70
CELL260,38.903442,-77.053611,120,10659,10019,0.11,70
CELL261,38.903442,-77.053611,240,9273,8716,0.11,70
CELL262,38.904297,-77.028758,0,16426,15768,0.07,50
CELL263,38.904297,-77.028758,120,20533,19710,0.07,50
CELL264,38.904297,-77.028758,240,17863,17148,0.07,50
CELL265,38.905128,-76.917622,0,38068,29693,4.37,30
CELL266,38.905128,-76.917622,120,47585,37116,4.37,30
CELL267,38.905128,-76.917622,240,41399,32291,4.37,30
CELL268,38.90596,-77.32412,0,499,384,6.14,100
CELL269,38.90596,-77.32412,120,624,480,6.14,100
CELL270,38.90596,-77.32412,240,543,418,6.14,100
CELL271,38.909022,-76.5742,0,5075,4719,0.11,20
CELL272,38.909022,-76.5742,120,6344,5899,0.11,20
CELL273,38.909022,-76.5742,240,5519,5132,0.11,20
CELL274,38.909418,-77.04737,0,6346,6282,0.08,30
CELL275,38.909418,-77.04737,120,7933,7853,0.08,30
CELL276,38.909418,-77.04737,240,6901,6832,0.08,30
CELL277,38.915401,-76.904267,0,9469,8143,3.62,50
CELL278,38.915401,-76.904267,120,11836,10179,3.62,50
CELL279,38.915401,-76.904267,240,10298,8856,3.62,50
CELL280,38.921084,-76.930229,0,7465,5822,1.65,50
CELL281,38.921084,-76.930229,120,9331,7278,1.65,50
CELL282,38.921084,-76.930229,240,8118,6331,1.65,50
CELL283,38.922501,-77.043219,0,16636,15138,0.08,0
CELL284,38.922501,-77.043219,120,20795,18923,0.08,0
CELL285,38.922501,-77.043219,240,18092,16463,0.08,0
CELL286,38.923034,-77.228561,0,3091,2750,0.01,50
CELL287,38.923034,-77.228561,120,3864,3438,0.01,50
CELL288,38.923034,-77.228561,240,3361,2991,0.01,50
CELL289,38.923047,-77.228039,0,13979,11322,0.03,80
CELL290,38.923047,-77.228039,120,17474,14153,0.03,80
CELL291,38.923047,-77.228039,240,15202,12313,0.03,80
CELL292,38.923079,-77.029504,0,18293,14085,1.43,30
CELL293,38.923079,-77.029504,120,22866,17606,1.43,30
CELL294,38.923079,-77.029504,240,19894,15317,1.43,30
CELL295,38.923394,-77.228092,0,3578,3220,0,80
CELL296,38.923394,-77.228092,120,4473,4025,0,80
CELL297,38.923394,-77.228092,240,3891,3502,0,80
CELL298,38.924158,-77.185358,0,8103,6644,3.15,70
CELL299,38.924158,-77.185358,120,10129,8305,3.15,70
CELL300,38.924158,-77.185358,240,8812,7225,3.15,70
CELL301,38.928333,-76.578889,0,1611,1401,2.11,30
CELL302,38.928333,-76.578889,120,2014,1751,2.11,30
CELL303,38.928333,-76.578889,240,1752,1524,2.11,30
CELL304,38.929701,-76.893901,0,22898,22211,0.18,10
CELL305,38.929701,-76.893901,120,28623,27764,0.18,10
CELL306,38.929701,-76.893901,240,24902,24154,0.18,10
CELL307,38.929778,-77.247044,0,8149,6600,3.92,30
CELL308,38.929778,-77.247044,120,10186,8250,3.92,30
CELL309,38.929778,-77.247044,240,8862,7178,3.92,30
CELL310,38.932301,-77.036701,0,39732,30990,2.29,100
CELL311,38.932301,-77.036701,120,49665,38738,2.29,100
CELL312,38.932301,-77.036701,240,43209,33702,2.29,100
CELL313,38.934261,-76.95555,0,30711,27025,0.17,10
CELL314,38.934261,-76.95555,120,38389,33781,0.17,10
CELL315,38.934261,-76.95555,240,33398,29390,0.17,10
CELL316,38.934732,-76.732149,0,8733,8209,0.25,100
CELL317,38.934732,-76.732149,120,10916,10261,0.25,100
CELL318,38.934732,-76.732149,240,9497,8927,0.25,100
CELL319,38.937464,-76.861386,0,33080,29441,0.27,90
CELL320,38.937464,-76.861386,120,41350,36801,0.27,90
CELL321,38.937464,-76.861386,240,35975,32017,0.27,90
CELL322,38.938351,-77.025239,0,31733,27925,0.09,60
CELL323,38.938351,-77.025239,120,39666,34906,0.09,60
CELL324,38.938351,-77.025239,240,34510,30368,0.09,60
CELL325,38.940056,-77.081251,0,4552,3459,3.73,10
CELL326,38.940056,-77.081251,120,5690,4324,3.73,10
CELL327,38.940056,-77.081251,240,4950,3762,3.73,10
CELL328,38.941111,-76.932242,0,68845,64714,0.08,0
CELL329,38.941111,-76.932242,120,86056,80893,0.08,0
CELL330,38.941111,-76.932242,240,74869,70376,0.08,0
CELL331,38.944769,-77.063231,0,3222,2642,4.45,20
CELL332,38.944769,-77.063231,120,4028,3303,4.45,20
CELL333,38.944769,-77.063231,240,3504,2873,4.45,20
CELL334,38.9455,-76.486528,0,13179,10411,9.02,40
CELL335,38.9455,-76.486528,120,16474,13014,9.02,40
CELL336,38.9455,-76.486528,240,14332,11322,9.02,40
CELL337,38.950667,-76.627444,0,791,688,3.72,70
CELL338,38.950667,-76.627444,120,989,860,3.72,70
CELL339,38.950667,-76.627444,240,860,748,3.72,70
CELL340,38.950825,-76.582478,0,390,382,0.11,10
CELL341,38.950825,-76.582478,120,488,478,0.11,10
CELL342,38.950825,-76.582478,240,424,415,0.11,10
CELL343,38.958744,-76.746066,0,18243,15506,4.99,60
CELL344,38.958744,-76.746066,120,22804,19383,4.99,60
CELL345,38.958744,-76.746066,240,19839,16863,4.99,60
CELL346,38.959317,-76.803217,0,5690,4950,0.48,90
CELL347,38.959317,-76.803217,120,7113,6188,0.48,90
CELL348,38.959317,-76.803217,240,6188,5383,0.48,90
CELL349,38.960948,-77.423555,0,64008,59527,0.42,60
CELL350,38.960948,-77.423555,120,80010,74409,0.42,60
CELL351,38.960948,-77.423555,240,69609,64736,0.42,60
CELL352,38.9636,-77.1818,0,1598,1502,0.16,60
CELL353,38.9636,-77.1818,120,1998,1878,0.16,60
CELL354,38.9636,-77.1818,240,1738,1633,0.16,60
CELL355,38.966319,-77.393483,0,123408,117237,0.34,0
CELL356,38.966319,-77.393483,120,154260,146546,0.34,0
CELL357,38.966319,-77.393483,240,134206,127495,0.34,0
CELL358,38.970783,-76.961283,0,2119,1970,0.14,60
CELL359,38.970783,-76.961283,120,2649,2463,0.14,60
CELL360,38.970783,-76.961283,240,2304,2142,0.14,60
CELL361,38.9717,-76.6174,0,547,503,0.19,100
CELL362,38.9717,-76.6174,120,684,629,0.19,100
CELL363,38.9717,-76.6174,240,595,547,0.19,100
CELL364,38.972401,-76.996401,0,96148,85571,0.28,60
CELL365,38.972401,-76.996401,120,120185,106964,0.28,60
CELL366,38.972401,-76.996401,240,104561,93058,0.28,60
CELL367,38.974939,-77.026486,0,10012,7709,1.77,100
CELL368,38.974939,-77.026486,120,12515,9636,1.77,100
CELL369,38.974939,-77.026486,240,10888,8384,1.77,100
CELL370,38.978347,-76.876027,0,20646,15690,5.78,30
CELL371,38.978347,-76.876027,120,25808,19613,5.78,30
CELL372,38.978347,-76.876027,240,22453,17063,5.78,30
CELL373,38.984019,-76.953361,0,227761,173098,2.82,40
CELL374,38.984019,-76.953361,120,284701,216373,2.82,40
CELL375,38.984019,-76.953361,240,247690,188244,2.82,40
CELL376,38.9885,-77.3737,0,11905,11428,0.34,0
CELL377,38.9885,-77.3737,120,14881,14285,0.34,0
CELL378,38.9885,-77.3737,240,12947,12428,0.34,0
CELL379,38.989387,-77.326115,0,996,866,6.14,30
CELL380,38.989387,-77.326115,120,1245,1083,6.14,30
CELL381,38.989387,-77.326115,240,1083,942,6.14,30
CELL382,38.993167,-77.023123,0,12644,12138,0.09,0
CELL383,38.993167,-77.023123,120,15805,15173,0.09,0
CELL384,38.993167,-77.023123,240,13750,13200,0.09,0
CELL385,38.996656,-76.510792,0,3402,3231,0.24,40
CELL386,38.996656,-76.510792,120,4253,4039,0.24,40
CELL387,38.996656,-76.510792,240,3700,3514,0.24,40
CELL388,38.999086,-77.291537,0,5912,4552,8.31,30
CELL389,38.999086,-77.291537,120,7390,5690,8.31,30
CELL390,38.999086,-77.291537,240,6429,4950,8.31,30
CELL391,39.013264,-76.928635,0,21484,16972,4.71,50
CELL392,39.013264,-76.928635,120,26855,21215,4.71,50
CELL393,39.013264,-76.928635,240,23364,18457,4.71,50
CELL394,39.0159,-77.0134,0,27713,27435,0.18,10
CELL395,39.0159,-77.0134,120,34641,34294,0.18,10
CELL396,39.0159,-77.0134,240,30138,29836,0.18,10
CELL397,39.016961,-76.975038,0,17590,14072,5.75,60
CELL398,39.016961,-76.975038,120,21988,17590,5.75,60
CELL399,39.016961,-76.975038,240,19129,15303,5.75,60
CELL400,39.02135,-76.423597,0,5526,4641,8.86,100
CELL401,39.02135,-76.423597,120,6908,5801,8.86,100
CELL402,39.02135,-76.423597,240,6010,5047,8.86,100
CELL403,39.026189,-76.694,0,5242,4455,7.49,10
CELL404,39.026189,-76.694,120,6553,5569,7.49,10
CELL405,39.026189,-76.694,240,5701,4845,7.49,10
CELL406,39.026792,-76.914844,0,24593,20904,4.71,80
CELL407,39.026792,-76.914844,120,30741,26130,4.71,80
CELL408,39.026792,-76.914844,240,26745,22733,4.71,80
CELL409,39.038533,-77.524669,0,6,5,0.22,0
CELL410,39.038533,-77.524669,120,8,6,0.22,0
CELL411,39.038533,-77.524669,240,7,5,0.22,0
CELL412,39.040691,-77.054897,0,73607,69926,0.38,70
CELL413,39.040691,-77.054897,120,92009,87408,0.38,70
CELL414,39.040691,-77.054897,240,80048,76045,0.38,70
CELL415,39.045806,-76.849917,0,16593,15265,0.45,60
CELL416,39.045806,-76.849917,120,20741,19081,0.45,60
CELL417,39.045806,-76.849917,240,18045,16601,0.45,60
CELL418,39.0584,-76.511017,0,1593,1545,0.24,70
CELL419,39.0584,-76.511017,120,1991,1931,0.24,70
CELL420,39.0584,-76.511017,240,1732,1680,0.24,70
CELL421,39.068306,-78.185694,0,160,121,57.01,100
CELL422,39.068306,-78.185694,120,200,151,57.01,100
CELL423,39.068306,-78.185694,240,174,132,57.01,100
CELL424,39.074992,-76.942228,0,40497,37662,0.32,40
CELL425,39.074992,-76.942228,120,50621,47078,0.32,40
CELL426,39.074992,-76.942228,240,44040,40957,0.32,40
CELL427,39.082978,-77.515733,0,60,51,4.38,80
CELL428,39.082978,-77.515733,120,75,64,4.38,80
CELL429,39.082978,-77.515733,240,65,55,4.38,80
CELL430,39.088481,-76.711281,0,22124,16593,7.49,20
CELL431,39.088481,-76.711281,120,27655,20741,7.49,20
CELL432,39.088481,-76.711281,240,24060,18045,7.49,20
CELL433,39.089125,-76.553978,0,9433,7829,7.36,40
CELL434,39.089125,-76.553978,120,11791,9786,7.36,40
CELL435,39.089125,-76.553978,240,10258,8514,7.36,40
CELL436,39.0997,-76.6294,0,19909,14931,7.68,70
CELL437,39.0997,-76.6294,120,24886,18664,7.68,70
CELL438,39.0997,-76.6294,240,21651,16237,7.68,70
CELL439,39.103156,-77.154156,0,30788,29864,0.24,50
CELL440,39.103156,-77.154156,120,38485,37330,0.24,50
CELL441,39.103156,-77.154156,240,33482,32477,0.24,50
CELL442,39.115597,-77.263287,0,9,8,0.22,90
CELL443,39.115597,-77.263287,120,11,10,0.22,90
CELL444,39.115597,-77.263287,240,10,9,0.22,90
CELL445,39.122101,-77.221801,0,33648,31629,0.27,0
CELL446,39.122101,-77.221801,120,42060,39536,0.27,0
CELL447,39.122101,-77.221801,240,36592,34397,0.27,0
CELL448,39.123961,-76.434844,0,2738,2601,0.44,10
CELL449,39.123961,-76.434844,120,3423,3251,0.44,10
CELL450,39.123961,-76.434844,240,2978,2829,0.44,10
CELL451,39.125211,-77.0182,0,2478,2428,0.42,80
CELL452,39.125211,-77.0182,120,3098,3035,0.42,80
CELL453,39.125211,-77.0182,240,2695,2640,0.42,80
CELL454,39.126528,-76.53372,0,12075,9297,7.36,10
CELL455,39.126528,-76.53372,120,15094,11621,7.36,10
CELL456,39.126528,-76.53372,240,13132,10110,7.36,10
CELL457,39.126692,-76.672294,0,5833,5191,0.3,80
CELL458,39.126692,-76.672294,120,7291,6489,0.3,80
CELL459,39.126692,-76.672294,240,6343,5645,0.3,80
CELL460,39.126972,-76.789111,0,6551,5633,5.11,0
CELL461,39.126972,-76.789111,120,8189,7041,5.11,0
CELL462,39.126972,-76.789111,240,7124,6126,5.11,0
CELL463,39.132422,-76.651136,0,54504,49598,0.35,30
CELL464,39.132422,-76.651136,120,68130,61998,0.35,30
CELL465,39.132422,-76.651136,240,59273,53938,0.35,30
CELL466,39.133556,-77.068,0,3295,2537,8.2,0
CELL467,39.133556,-77.068,120,4119,3171,8.2,0
CELL468,39.133556,-77.068,240,3583,2759,8.2,0
CELL469,39.134722,-77.141861,0,9954,8361,4.72,30
CELL470,39.134722,-77.141861,120,12443,10451,4.72,30
CELL471,39.134722,-77.141861,240,10825,9093,4.72,30
CELL472,39.1353,-76.5964,0,97877,95919,0.34,0
CELL473,39.1353,-76.5964,120,122346,119899,0.34,0
CELL474,39.1353,-76.5964,240,106441,104312,0.34,0
CELL475,39.143017,-76.4788,0,9945,8254,12.61,80
CELL476,39.143017,-76.4788,120,12431,10318,12.61,80
CELL477,39.143017,-76.4788,240,10815,8976,12.61,80
CELL478,39.149739,-77.200502,0,90267,67700,0.18,50
CELL479,39.149739,-77.200502,120,112834,84625,0.18,50
CELL480,39.149739,-77.200502,240,98165,73624,0.18,50
CELL481,39.14986,-77.201499,0,47833,36353,0.16,60
CELL482,39.14986,-77.201499,120,59791,45441,0.16,60
CELL483,39.14986,-77.201499,240,52018,39534,0.16,60
CELL484,39.150207,-77.201022,0,109472,83198,0.16,20
CELL485,39.150207,-77.201022,120,136840,103998,0.16,20
CELL486,39.150207,-77.201022,240,119051,90478,0.16,20
CELL487,39.151944,-76.803333,0,23614,19599,5.11,50
CELL488,39.151944,-76.803333,120,29518,24499,5.11,50
CELL489,39.151944,-76.803333,240,25680,21314,5.11,50
CELL490,39.155139,-77.253586,0,25442,22897,0.22,100
CELL491,39.155139,-77.253586,120,31803,28621,0.22,100
CELL492,39.155139,-77.253586,240,27668,24900,0.22,100
CELL493,39.156238,-77.092503,0,3912,3677,0.42,10
CELL494,39.156238,-77.092503,120,4890,4596,0.42,10
CELL495,39.156238,-77.092503,240,4254,3999,0.42,10
CELL496,39.165228,-77.2908,0,18984,15946,6.18,100
CELL497,39.165228,-77.2908,120,23730,19933,6.18,100
CELL498,39.165228,-77.2908,240,20645,17341,6.18,100
CELL499,39.171489,-77.157789,0,19589,16062,5.21,70
CELL500,39.171489,-77.157789,120,24486,20078,5.21,70
CELL501,39.171489,-77.157789,240,21303,17467,5.21,70
CELL502,39.178089,-76.875578,0,6978,5721,10.28,60
CELL503,39.178089,-76.875578,120,8723,7151,10.28,60
CELL504,39.178089,-76.875578,240,7589,6222,10.28,60
CELL505,39.184606,-77.213733,0,34511,32785,0.24,0
CELL506,39.184606,-77.213733,120,43139,40981,0.24,0
CELL507,39.184606,-77.213733,240,37531,35654,0.24,0
CELL508,39.1881,-76.8166,0,22638,18110,3.56,90
CELL509,39.1881,-76.8166,120,28298,22638,3.56,90
CELL510,39.1881,-76.8166,240,24619,19695,3.56,90
CELL511,39.1959,-76.6807,0,36121,35037,0.3,40
CELL512,39.1959,-76.6807,120,45151,43796,0.3,40
CELL513,39.1959,-76.6807,240,39282,38103,0.3,40
CELL514,39.212467,-77.275472,0,30806,26185,6.18,20
CELL515,39.212467,-77.275472,120,38508,32731,6.18,20
CELL516,39.212467,-77.275472,240,33502,28476,6.18,20
CELL517,39.213301,-76.939401,0,7249,5871,10.47,90
CELL518,39.213301,-76.939401,120,9061,7339,10.47,90
CELL519,39.213301,-76.939401,240,7883,6385,10.47,90
CELL520,39.2225,-76.5986,0,117713,90639,5.35,50
CELL521,39.2225,-76.5986,120,147141,113299,5.35,50
CELL522,39.2225,-76.5986,240,128013,98570,5.35,50
CELL523,39.2265,-76.8105,0,26526,23873,0.18,30
CELL524,39.2265,-76.8105,120,33158,29841,0.18,30
CELL525,39.2265,-76.8105,240,28847,25962,0.18,30
CELL526,39.227037,-76.714566,0,15005,14404,0.15,10
CELL527,39.227037,-76.714566,120,18756,18005,0.15,10
CELL528,39.227037,-76.714566,240,16318,15664,0.15,10
CELL529,39.23243,-76.7821,0,2349,1949,8.37,100
CELL530,39.23243,-76.7821,120,2936,2436,8.37,100
CELL531,39.23243,-76.7821,240,2555,2120,8.37,100
CELL532,39.246216,-77.206995,0,3952,3872,0.25,70
CELL533,39.246216,-77.206995,120,4940,4840,0.25,70
CELL534,39.246216,-77.206995,240,4298,4211,0.25,70
CELL535,39.256871,-76.524942,0,105953,93238,0.16,40
CELL536,39.256871,-76.524942,120,132441,116548,0.16,40
CELL537,39.256871,-76.524942,240,115224,101396,0.16,40
CELL538,39.258996,-76.659329,0,112894,94830,2.53,100
CELL539,39.258996,-76.659329,120,141118,118538,2.53,100
CELL540,39.258996,-76.659329,240,122772,103128,2.53,100
CELL541,39.266201,-76.714601,0,35226,28885,2.87,100
CELL542,39.266201,-76.714601,120,44033,36106,2.87,100
CELL543,39.266201,-76.714601,240,38308,31412,2.87,100
CELL544,39.268023,-76.610701,0,95231,78089,1.87,70
CELL545,39.268023,-76.610701,120,119039,97611,1.87,70
CELL546,39.268023,-76.610701,240,103564,84922,1.87,70
CELL547,39.272,-76.55611,0,81313,65050,4.69,40
CELL548,39.272,-76.55611,120,101641,81313,4.69,40
CELL549,39.272,-76.55611,240,88428,70742,4.69,40
CELL550,39.274847,-76.625689,0,123619,108784,0.1,10
CELL551,39.274847,-76.625689,120,154524,135980,0.1,10
CELL552,39.274847,-76.625689,240,134436,118303,0.1,10
CELL553,39.276856,-76.836975,0,4920,4083,7.17,10
CELL554,39.276856,-76.836975,120,6150,5104,7.17,10
CELL555,39.276856,-76.836975,240,5351,4440,7.17,10
CELL556,39.277739,-76.815478,0,17122,13526,4.24,50
CELL557,39.277739,-76.815478,120,21403,16908,4.24,50
CELL558,39.277739,-76.815478,240,18620,14710,4.24,50
CELL559,39.286313,-76.569774,0,63791,58687,0.13,0
CELL560,39.286313,-76.569774,120,79739,73359,0.13,0
CELL561,39.286313,-76.569774,240,69373,63822,0.13,0
CELL562,39.28756,-76.607393,0,131844,102838,1.87,40
CELL563,39.28756,-76.607393,120,164805,128548,1.87,40
CELL564,39.28756,-76.607393,240,143380,111836,1.87,40
CELL565,39.288575,-76.429561,0,10114,9608,0.63,50
CELL566,39.288575,-76.429561,120,12643,12010,0.63,50
CELL567,39.288575,-76.429561,240,10999,10449,0.63,50
CELL568,39.289083,-76.592889,0,80107,72096,0.12,90
CELL569,39.289083,-76.592889,120,100134,90120,0.12,90
CELL570,39.289083,-76.592889,240,87116,78404,0.12,90
CELL571,39.290086,-76.656864,0,279019,217634,1.53,60
CELL572,39.290086,-76.656864,120,348774,272043,1.53,60
CELL573,39.290086,-76.656864,240,303433,236677,1.53,60
CELL574,39.294434,-76.621471,0,48777,45850,0.09,20
CELL575,39.294434,-76.621471,120,60971,57313,0.09,20
CELL576,39.294434,-76.621471,240,53045,49862,0.09,20
CELL577,39.295682,-76.505713,0,109261,89594,6.28,10
CELL578,39.295682,-76.505713,120,136576,111993,6.28,10
CELL579,39.295682,-76.505713,240,118821,97433,6.28,10
CELL580,39.297581,-76.524519,0,72545,67466,0.16,0
CELL581,39.297581,-76.524519,120,90681,84333,0.16,0
CELL582,39.297581,-76.524519,240,78893,73369,0.16,0
CELL583,39.30319,-76.71325,0,32842,32513,0.14,10
CELL584,39.30319,-76.71325,120,41053,40641,0.14,10
CELL585,39.30319,-76.71325,240,35716,35358,0.14,10
CELL586,39.304228,-76.660081,0,245492,243037,0.08,10
CELL587,39.304228,-76.660081,120,306865,303796,0.08,10
CELL588,39.304228,-76.660081,240,266973,264303,0.08,10
CELL589,39.310472,-76.86886,0,1446,1214,10.28,10
CELL590,39.310472,-76.86886,120,1808,1518,10.28,10
CELL591,39.310472,-76.86886,240,1573,1320,10.28,10
CELL592,39.317342,-76.623296,0,208790,200438,0.07,50
CELL593,39.317342,-76.623296,120,260988,250548,0.07,50
CELL594,39.317342,-76.623296,240,227059,217976,0.07,50
CELL595,39.317791,-76.595879,0,277678,219365,2.43,20
CELL596,39.317791,-76.595879,120,347098,274206,2.43,20
CELL597,39.317791,-76.595879,240,301975,238559,2.43,20
CELL598,39.320201,-76.568901,0,232672,223365,0.13,80
CELL599,39.320201,-76.568901,120,290840,279206,0.13,80
CELL600,39.320201,-76.568901,240,253031,242909,0.13,80
CELL601,39.323201,-76.746601,0,82680,64490,7.24,50
CELL602,39.323201,-76.746601,120,103350,80613,7.24,50
CELL603,39.323201,-76.746601,240,89915,70133,7.24,50
CELL604,39.324253,-76.661614,0,163962,160682,0.08,80
CELL605,39.324253,-76.661614,120,204953,200853,0.08,80
CELL606,39.324253,-76.661614,240,178309,174742,0.08,80
CELL607,39.327564,-76.471147,0,37792,35146,0.22,10
CELL608,39.327564,-76.471147,120,47240,43933,0.22,10
CELL609,39.327564,-76.471147,240,41099,38221,0.22,10
CELL610,39.32759,-76.63953,0,25571,23013,0.27,20
CELL611,39.32759,-76.63953,120,31964,28766,0.27,20
CELL612,39.32759,-76.63953,240,27808,25027,0.27,20
CELL613,39.329503,-77.188644,0,3,2,8.68,100
CELL614,39.329503,-77.188644,120,4,3,8.68,100
CELL615,39.329503,-77.188644,240,3,2,8.68,100
CELL616,39.333028,-78.02375,0,5,3,15.52,100
CELL617,39.333028,-78.02375,120,6,4,15.52,100
CELL618,39.333028,-78.02375,240,5,3,15.52,100
CELL619,39.336314,-76.623245,0,34995,31845,0.01,20
CELL620,39.336314,-76.623245,120,43744,39806,0.01,20
CELL621,39.336314,-76.623245,240,38057,34631,0.01,20
CELL622,39.336541,-76.622836,0,44929,38189,0.14,60
CELL623,39.336541,-76.622836,120,56161,47736,0.14,60
CELL624,39.336541,-76.622836,240,48860,41531,0.14,60
CELL625,39.336592,-76.674958,0,183104,170286,0.2,60
CELL626,39.336592,-76.674958,120,228880,212858,0.2,60
CELL627,39.336592,-76.674958,240,199126,185186,0.2,60
CELL628,39.3544,-76.685934,0,250582,230535,0.2,60
CELL629,39.3544,-76.685934,120,313228,288169,0.2,60
CELL630,39.3544,-76.685934,240,272508,250707,0.2,60
CELL631,39.356986,-76.590389,0,127931,112579,0.18,40
CELL632,39.356986,-76.590389,120,159914,140724,0.18,40
CELL633,39.356986,-76.590389,240,139125,122430,0.18,40
CELL634,39.358344,-76.395608,0,26060,20326,11.02,0
CELL635,39.358344,-76.395608,120,32575,25408,11.02,0
CELL636,39.358344,-76.395608,240,28340,22105,11.02,0
CELL637,39.3627,-76.4818,0,7653,6351,2.88,30
CELL638,39.3627,-76.4818,120,9566,7939,2.88,30
CELL639,39.3627,-76.4818,240,8323,6907,2.88,30
CELL640,39.370167,-77.514783,0,678,671,0.42,20
CELL641,39.370167,-77.514783,120,848,839,0.42,20
CELL642,39.370167,-77.514783,240,737,730,0.42,20
CELL643,39.377639,-76.722222,0,31983,29104,0.31,40
CELL644,39.377639,-76.722222,120,39979,36380,0.31,40
CELL645,39.377639,-76.722222,240,34782,31651,0.31,40
CELL646,39.381111,-76.763784,0,23788,22598,0.01,90
CELL647,39.381111,-76.763784,120,29735,28248,0.01,90
CELL648,39.381111,-76.763784,240,25869,24575,0.01,90
CELL649,39.381494,-76.764954,0,12051,10243,0.17,10
CELL650,39.381494,-76.764954,120,15064,12804,0.17,10
CELL651,39.381494,-76.764954,240,13105,11139,0.17,10
CELL652,39.381681,-76.764445,0,9321,7456,0.17,50
CELL653,39.381681,-76.764445,120,11651,9320,0.17,50
CELL654,39.381681,-76.764445,240,10137,8108,0.17,50
CELL655,39.389025,-76.611374,0,10608,9122,4.35,100
CELL656,39.389025,-76.611374,120,13260,11403,4.35,100
CELL657,39.389025,-76.611374,240,11536,9920,4.35,100
CELL658,39.389788,-76.624424,0,8479,7207,2.9,90
CELL659,39.389788,-76.624424,120,10599,9009,2.9,90
CELL660,39.389788,-76.624424,240,9221,7838,2.9,90
CELL661,39.39464,-77.32979,0,8,6,7.28,20
CELL662,39.39464,-77.32979,120,10,8,7.28,20
CELL663,39.39464,-77.32979,240,9,7,7.28,20
CELL664,39.396775,-76.478508,0,23064,21449,0.14,20
CELL665,39.396775,-76.478508,120,28830,26811,0.14,20
CELL666,39.396775,-76.478508,240,25082,23326,0.14,20
CELL667,39.408028,-76.6653,0,4934,4144,6.37,70
CELL668,39.408028,-76.6653,120,6168,5180,6.37,70
CELL669,39.408028,-76.6653,240,5366,4507,6.37,70
CELL670,39.412472,-77.351258,0,55,47,7.28,30
CELL671,39.412472,-77.351258,120,69,59,7.28,30
CELL672,39.412472,-77.351258,240,60,51,7.28,30
CELL673,39.414943,-76.630891,0,1553,1242,0.08,70
CELL674,39.414943,-76.630891,120,1941,1553,0.08,70
CELL675,39.414943,-76.630891,240,1689,1351,0.08,70
CELL676,39.415097,-76.460356,0,16388,15568,0.18,70
CELL677,39.415097,-76.460356,120,20485,19460,0.18,70
CELL678,39.415097,-76.460356,240,17822,16930,0.18,70
CELL679,39.416032,-76.630885,0,1724,1706,0,60
CELL680,39.416032,-76.630885,120,2155,2133,0,60
CELL681,39.416032,-76.630885,240,1875,1855,0,60
CELL682,39.417572,-76.558953,0,8750,7262,8.24,20
CELL683,39.417572,-76.558953,120,10938,9078,8.24,20
CELL684,39.417572,-76.558953,240,9516,7897,8.24,20
CELL685,39.421533,-77.401178,0,540,502,0.83,70
CELL686,39.421533,-77.401178,120,675,628,0.83,70
CELL687,39.421533,-77.401178,240,587,546,0.83,70
CELL688,39.428431,-76.364,0,12074,11108,0.47,80
CELL689,39.428431,-76.364,120,15093,13885,0.47,80
CELL690,39.428431,-76.364,240,13130,12080,0.47,80
CELL691,39.429233,-76.450081,0,1331,1211,0.18,90
CELL692,39.429233,-76.450081,120,1664,1514,0.18,90
CELL693,39.429233,-76.450081,240,1447,1317,0.18,90
CELL694,39.436389,-76.629167,0,12605,11344,0.08,90
CELL695,39.436389,-76.629167,120,15756,14180,0.08,90
CELL696,39.436389,-76.629167,240,13708,12337,0.08,90
CELL697,39.438178,-77.493997,0,172,158,0.42,10
CELL698,39.438178,-77.493997,120,215,198,0.42,10
CELL699,39.438178,-77.493997,240,187,172,0.42,10
CELL700,39.453667,-76.7284,0,4177,3508,6.18,30
CELL701,39.453667,-76.7284,120,5221,4385,6.18,30
CELL702,39.453667,-76.7284,240,4542,3815,6.18,30
CELL703,39.459683,-76.596185,0,2800,2380,7.45,90
CELL704,39.459683,-76.596185,120,3500,2975,7.45,90
CELL705,39.459683,-76.596185,240,3045,2588,7.45,90
CELL706,39.475798,-77.987896,0,1363,1199,0.78,70
CELL707,39.475798,-77.987896,120,1704,1499,0.78,70
CELL708,39.475798,-77.987896,240,1482,1304,0.78,70
CELL709,39.487936,-76.245161,0,16790,13599,4.54,90
CELL710,39.487936,-76.245161,120,20988,16999,4.54,90
CELL711,39.487936,-76.245161,240,18259,14789,4.54,90
CELL712,39.4945,-76.3876,0,6600,6402,0.47,0
CELL713,39.4945,-76.3876,120,8250,8003,0.47,0
CELL714,39.4945,-76.3876,240,7178,6962,0.47,0
CELL715,39.504153,-76.328383,0,11488,11028,0.29,80
CELL716,39.504153,-76.328383,120,14360,13785,0.29,80
CELL717,39.504153,-76.328383,240,12493,11993,0.29,80
CELL718,39.509671,-76.173161,0,32818,32161,0.63,70
CELL719,39.509671,-76.173161,120,41023,40201,0.63,70
CELL720,39.509671,-76.173161,240,35690,34975,0.63,70
CELL721,39.514231,-76.652058,0,3252,2569,9.29,50
CELL722,39.514231,-76.652058,120,4065,3211,9.29,50
CELL723,39.514231,-76.652058,240,3537,2794,9.29,50
CELL724,39.526,-76.235,0,691,601,3.02,30
CELL725,39.526,-76.235,120,864,751,3.02,30
CELL726,39.526,-76.235,240,751,654,3.02,30
CELL727,39.534147,-76.120872,0,9165,8431,0.88,100
CELL728,39.534147,-76.120872,120,11456,10539,0.88,100
CELL729,39.534147,-76.120872,240,9967,9169,0.88,100
CELL730,39.537669,-76.210636,0,561,482,8.18,50
CELL731,39.537669,-76.210636,120,701,603,8.18,50
CELL732,39.537669,-76.210636,240,610,524,8.18,50
CELL733,39.557486,-76.240086,0,1997,1737,0.15,10
CELL734,39.557486,-76.240086,120,2496,2171,0.15,10
CELL735,39.557486,-76.240086,240,2172,1889,0.15,10
CELL736,39.566417,-76.511,0,284,213,12.42,100
CELL737,39.566417,-76.511,120,355,266,12.42,100
CELL738,39.566417,-76.511,240,309,232,12.42,100
CELL739,39.570231,-76.320269,0,10925,8521,5.87,30
CELL740,39.570231,-76.320269,120,13656,10651,5.87,30
CELL741,39.570231,-76.320269,240,11881,9267,5.87,30
CELL742,39.602178,-76.3422,0,2491,2441,0.39,40
CELL743,39.602178,-76.3422,120,3114,3051,0.39,40
CELL744,39.602178,-76.3422,240,2709,2655,0.39,40
CELL745,39.607111,-76.461667,0,524,393,14.42,10
CELL746,39.607111,-76.461667,120,655,491,14.42,10
CELL747,39.607111,-76.461667,240,570,427,14.42,10
CELL748,39.608333,-76.546944,0,384,318,12.42,20
CELL749,39.608333,-76.546944,120,480,398,12.42,20
CELL750,39.608333,-76.546944,240,418,346,12.42,20
